Thing;;Thing;Ding;Chose;Cosa
AdministrativeArea;CivicStructure;Administrative area;Verwaltungsgebiet;Zone administrative;Area amministrativa
AdministrativeCircle;AdministrativeArea;Administrative circle;Verwaltungskreis;Cercle administratif;Circolo amministrativo
AdministrativeRegion;AdministrativeArea;Administrative Region;Verwaltungsregion;Région administrative;Regione amministrativa
City;CivicStructure;City;Stadt;Ville;Città
Country;CivicStructure;Country;Land;Pays;Paese
CustomArea;AdministrativeArea;Customs Area;Zollgebiet;Zone douanière;Area doganale
District;CivicStructure;District;Bezirk;Quartier;Quartiere
MountainArea;CivicStructure;Mountain area;Bergregion;Zone montagneuse;Zona montuosa
NatureReserve;CivicStructure;Nature reserve;Naturschutzgebiet;Réserve naturelle;Riserva naturale
PostalArea;AdministrativeArea;Postal Area;Postleitzahlgebiet;Zone postale;Area postale
ProtectedArea;CivicStructure;Protected area;Schutzgebiet;Zone protégée;Area protetta
State;CivicStructure;State;Bundesland;État;Stato
TourismArea;AdministrativeArea;Tourist Area;Tourismusgebiet;Zone touristique;Area turistica
TourismCity;AdministrativeArea;Tourist Town;Tourismusstadt;Ville touristique;Città turistica
CreativeWork;;Creative Work;Kreative Arbeit;Travail créatif;Lavoro creativo
Article;CreativeWork;Article;Artikel;Article;Articolo
MediaObject;CreativeWork;Media Object;Medienobjekt;Mediaobjet;Oggetto multimediale
AudioObject;MediaObject;Audio Object;Audio-Objekt;Objet audio;Oggetto audio
ImageObject;MediaObject;Image Object;Bild-Objekt;Image objet;Oggetto Immagine
Logo;ImageObject;Logo;Logo;Logo;Logo
VideoObject;MediaObject;Video Object;Video-Objekt;Video objet;Oggetto video
Event;;Event;Veranstaltung;Événement;Evento
ArtsAndCraftsEvent;Event;Arts and Crafts Exhibition;Kunsthandwerksausstellung;Exposition d'art et d'artisanat;Esposizione di artigianato
BusinessEvent;Event;Business Event;Geschäftsveranstaltung;Événement d'affaires;Evento aziendale
CinemaScreening;Event;Cinema Screening;Kinovorführung;Projection de cinéma;Proiezione cinematografica
ComedyEvent;Event;Comedy Event;Comedy-Veranstaltung;Événement humoristique;Evento comico
CommunicationEvent;Event;Communication Event;Kommunikationsveranstaltung;Événement de communication;Evento di comunicazione
Congress;Event;Congress;Kongress;Congrès;Congresso
CourseInstance;Event;Course Instance;Kursinstanz;Instance de cours;Istanza del corso
DanceEvent;Event;Dance Event;Tanzveranstaltung;Événement de danse;Evento di danza
DeliveryEvent;Event;Delivery Event;Lieferereignis;Événement de livraison;Evento di consegna
EducationEvent;Event;Educational Event;Bildungsveranstaltung;Événement éducatif;Evento educativo
eSports;Event;eSports;eSports;eSports;eSports
EventSeries;Event;Event series;Veranstaltungsreihe;Série d'événements;Serie di eventi
ExhibitionEvent;Event;Exhibition;Ausstellung;Exposition;Mostra
Fair;Event;Fair;Messeveranstaltung;Événement de salon;Evento fieristico
Festival;Event;Festival;Festival;Festival;Festival
FoodEvent;Event;Culinary Event;Kulinarische Veranstaltung;Événement culinaire;Evento gastronomico
GuidedTour;Event;Guided Tour;Führung;Visite guidée;Visita guidata
Hackathon;Event;Hackathon;Hackathon;Hackathon;Hackathon
HealthEvent;Event;Health Event;Gesundheitsveranstaltung;Événement de santé;Evento salute
HistoryEvent;Event;Historical Event;Geschichtsveranstaltung;Événement historique;Evento storico
HolidayCamp;Event;Holiday Camp;Ferienlager;Camp de vacances;Campeggio vacanze
LiteraryEvent;Event;Literary Event;Literarische Veranstaltung;Événement littéraire;Evento letterario
MunicipalityEvent;Event;Community Event;Gemeindeveranstaltung;Événement municipal;Evento comunale
MuseumEvent;Event;Museum Event;Museumsveranstaltung;Événement au musée;Evento al museo
MusicEvent;Event;Concert;Konzert;Concert;Concerto
OpenAirEvent;Event;Open Air Event;Open-Air-Veranstaltung;Événement en plein air;Evento all'aperto
PartyEvent;Event;Party;Party;Fête;Festa
PoliticalEvent;Event;Political Event;Politische Veranstaltung;Événement politique;Evento politico
PublicationEvent;Event;Publication Event;Veröffentlichungsveranstaltung;Événement de publication;Evento di pubblicazione
SaleEvent;Event;Sales Event;Verkaufsveranstaltung;Événement de vente;Evento di vendita
ScienceEvent;Event;Science Event;Forschungsveranstaltung;Événement de formation;Evento formativo
ScreeningEvent;Event;Screening Event;Screening-Event;Événement de projection;Evento di proiezione
SocialEvent;Event;Social Event;Soziale Veranstaltung;Événement social;Evento sociale
SpiritualEvent;Event;Religious Event;Religiöse Veranstaltung;Événement religieux;Evento religioso
SportsEvent;Event;Sporting Event;Sportveranstaltung;Événement sportif;Evento sportivo
StreetMarketEvent;Event;Street Market;Strassenmarkt;Marché de rue;Mercato di strada
TechnologicalEvent;Event;Technology Events;Technologieveranstaltung;Événement technologique;Evento tecnologico
TheaterEvent;Event;Theatre Event;Theateraufführung;Représentation théâtrale;Evento teatrale
TraditionalEvent;Event;Traditional Event;Traditionelle Veranstaltung;Événement traditionnel;Evento tradizionale
VariousEvent;Event;Various Events;Verschiedene Veranstaltungen;Divers événements;Eventi vari
VisualArtsEvent;Event;Visual Arts Event;Bildende Kunst Veranstaltung;Événement en arts visuels;Evento di Arti Visive
Place;;Place;Ort;Endroit;Luogo
Accommodation;Place;Accommodation;Unterkunft;Hébergement;Alloggio
Apartment;Accommodation;Apartment;Wohnung;Appartement;Appartamento
CampingPitch;Accommodation;Camping Pitch;Camping Platz;Emplacement de camping;Piazzola campeggio
House;Accommodation;House;Haus;Maison;Casa
Room;Accommodation;Room;Zimmer;Chambre;Stanza
Appartment;Accommodation;Appartment;Ferienwohnung;Appartment;Appartamento
Dormitory;Accommodation;Dormitory;Mehrbettzimmer;Dortoir;Dormitorio
HotelRoom;Accommodation;Hotel Room;Hotelzimmer;Chambre d'hôtel;Camera d'hotel
12BedRoom;Accommodation;12-bed room;12-Bett Zimmer;Chambre à 12 lits;Camera da 12 letti
6BedRoom;Accommodation;6-bed room;6-Bett Zimmer;Chambre à 6 lits;Camera da 6 letti
8BedRoom;Accommodation;8-bed room;8-Bett Zimmer;Chambre à 8 lits;Camera da 8 letti
DoubleRoom;Accommodation;Double room;Doppelzimmer;Chambre double;Camera doppia
FamilyRoom;Accommodation;Family room;Familienzimmer;Chambre familiale;Camera familiare
QuadrupleRoom;Accommodation;Quadruple room;Vierbettzimmer;Chambre à 4 lits;Camera da 4 letti
SingleRoom;Accommodation;Single room;Einzelzimmer;Chambre simple;Camera singola
Suite;Accommodation;Suite;Suite;Suite;Suite
TripleRoom;Accommodation;Triple room;Dreibettzimmer;Chambre triple;Camera tripla
MeetingRoom;Accommodation;Meeting Room;Besprechungsraum;Salle de réunion;Sala riunioni
CivicStructure;Place;Public Facility;Öffentliche Anlage/Einrichtung;Établissement public;Struttura pubbliche
Alp;CivicStructure;Alp;Alm;Alpage;Alpe
NaturePark;CivicStructure;Nature park;Naturpark;Parc naturel;Parco naturale
Airport;CivicStructure;Airport;Flughafen;Aéroport;Aeroporto
AnimalPark;CivicStructure;Animal park;Tierpark;Parc animalier;Parco degli animali
Aquarium;CivicStructure;Aquarium;Aquarium;Aquarium;Acquario
ArtObject;CivicStructure;Art Object;Kunstobjekt;Objet d'art;Oggetto d'arte
ATM;CivicStructure;ATM;Geldautomat;Distributeur automatique de billets;Bancomat
AvalancheTrainingCenter;CivicStructure;Avalanche Training Center;Lawinen-Trainingszentrum;Centre de formation aux avalanches;Centro di formazione sulle valanghe
BathingSpot;CivicStructure;Bathing Spot;Badestelle;Lieu de baignade;Luogo di balneazione
Beach;CivicStructure;Beach;Strand;Plage;Spiaggia
Biotope;CivicStructure;Biotope;Biotop;Biotope;Biotopo
BoatTerminal;CivicStructure;Boat Terminal;Bootsterminal;Terminal de bateaux;Terminal dei battelli
Bunker;CivicStructure;Bunker;Bunker;Bunker;Bunker
BusStop;CivicStructure;Bus Stop;Bushaltestelle;Arrêt de bus;Fermata dell'autobus
Cave;CivicStructure;Cave;Höhle;Grotte;Grotta
Cemetery;CivicStructure;Cemetery;Friedhof;Cimetière;Cimitero
CityHall;CivicStructure;Town Hall;Rathaus;Hôtel de ville;Municipio
ClubHouse;CivicStructure;Club House;Vereinsheim;Club-house;Club house
ConcertHall;CivicStructure;Concert Hall;Konzertsaal;Salle de concert;Sala concerti
CongressCenter;LocalBusiness;Congress center;Kongresszentrum;Centre des congrès;Centro congressi
Court;CivicStructure;Court;Gericht;Cour;Tribunale
Crematorium;CivicStructure;Crematorium;Krematorium;Crématorium;Crematorio
CulturalCentre;CivicStructure;Cultural Centre;Kulturzentrum;Centre culturel;Centro culturale
DamOrWeir;CivicStructure;Dam;Damm;Barrage;Diga
EducationalOrganization;CivicStructure;Educational Institution;Bildungseinrichtung;Organisation éducative;Organizzazione educativa
CollegeOrUniversity;CivicStructure;College/University;Hochschule/Universität;Collège/Université;College/Università
HighSchool;CivicStructure;High School;Gymnasium/Sekundarschule;Lycée;Scuola superiore
Preschool;CivicStructure;Preschool;Vorschule;Préscolaire;Scuola materna
PrimarySchool;CivicStructure;Primary School;Grundschule;École primaire;Scuola primaria
EventVenue;CivicStructure;Event Venue;Veranstaltungsort;Lieu de l'événement;Location per eventi
Farm;CivicStructure;Farm;Bauernhof;Ferme;Fattoria
Ferry;CivicStructure;Ferry;Fähre;Bac;Traghetto
Fireplace;CivicStructure;Fireplace;Feuerstelle;Cheminée;Camino
FireStation;CivicStructure;Fire Station;Feuerwehrstation;Caserne de pompiers;Stazione dei pompieri
FootBridge;CivicStructure;Foot bridge;Fussbrücke;Passerelle piétonne;Ponte pedonale
Forest;CivicStructure;Forest;Wald;Forêt;Foresta
Forsthaus;CivicStructure;Forester's Lodge;Forsthaus;Maison forestière;Casa forestale
Gallery;CivicStructure;Gallery;Galerie;Galerie;Galleria
Garden;CivicStructure;Garden;Garten;Jardin;Giardino
GlacierGarden;CivicStructure;Glacier Garden;Gletschergarten;Jardin des glaciers;Giardino glaciale
GovernmentBuilding;CivicStructure;Government Building;Regierungsgebäude;Édifice du gouvernement;Palazzo del governo
Harbour;CivicStructure;Harbour;Hafen;Port;Porto
HerbGarden;CivicStructure;Herb Garden;Kräutergarten;Jardin d'herbes;Giardino delle erbe
Hospital;CivicStructure;Hospital;Spital;Hôpital;Ospedale
InfoPoint;CivicStructure;Info Point;Infopunkt;Point d'information;Punto informativo
InternetPoint;CivicStructure;Public Internet Access;Öffentlicher Internetzugang;Accès public à Internet;Accesso pubblico a Internet
LandingStage;CivicStructure;Landing Stage;Steg;Appontement;Pontile
Lighthouse;CivicStructure;Lighthouse;Leuchtturm;Phare;Faro
Mansion;CivicStructure;Mansion;Villa;Villa;Villa
Market;CivicStructure;Market;Markt;Marché;Mercato
MeetingPoint;CivicStructure;Meeting Point;Treffpunkt;Point de rencontre;Punto d'incontro
Military;CivicStructure;Military;Militär;Militaire;Militare
Mill;CivicStructure;Mill;Mühle;Moulin;Mulino
Mine;CivicStructure;Mine;Mine;Mine;Miniera
MountainRescue;CivicStructure;Mountain Rescue;Bergrettung;Sauvetage en montagne;Soccorso alpino
Museum;CivicStructure;Museum;Museum;Musée;Museo
MusicVenue;CivicStructure;Music Venue;Musikstätte;Lieu de musique;Sala di musica
Observatory;CivicStructure;Observatory;Observatorium;Observatoire;Osservatorio
OperaHouse;CivicStructure;Opera House;Opernhaus;Opéra;Teatro dell'opera
OutdoorStage;CivicStructure;Open Air Stage;Freilichtbühne;Scène en plein air;Palcoscenico all'aperto
ParkingFacility;CivicStructure;Car Park;Parkplatz;Parking;Parcheggio
Pavillon;CivicStructure;Pavilion;Pavillon;Pavillon;Padiglione
PedestrianArea;CivicStructure;Pedestrian Area;Fussgängerzone;Zone piétonne;Zona pedonale
PerformingArtsTheater;CivicStructure;Performing Arts Theatre;Theater für darstellende Künste;Théâtre des arts de la scène;Teatro delle Arti dello spettacolo
PicnicArea;CivicStructure;Picnic Area;Picknickplatz;Aire de pique-nique;Area picnic
PlaceOfWorship;CivicStructure;Place Of Worship;Gebetsstätte;Lieu de culte;Luogo di preghiera
BuddhistTemple;CivicStructure;Buddhist Temple;Buddhistischer Tempel;Temple bouddhiste;Tempio buddista
Chapel;CivicStructure;Chapel;Kapelle;Chapelle;Cappella
Church;CivicStructure;Church;Kirche;Église;Chiesa
CatholicChurch;CivicStructure;Catholic Church;Katholische Kirche;Église catholique;Chiesa cattolica
HinduTemple;CivicStructure;Hindu Temple;Hindu-Tempel;Temple hindou;Tempio indù
Monastery;CivicStructure;Monastery;Kloster;Monastère;Monastero
Mosque;CivicStructure;Mosque;Moschee;Mosquée;Moschea
Synagogue;CivicStructure;Synagogue;Synagoge;Synagogue;Sinagoga
Playground;CivicStructure;Playground;Spielplatz;Aire de jeux;Parco giochi
PoliceStation;CivicStructure;Police Station;Polizeistation;Commissariat de police;Commissariato
PublicToilet;CivicStructure;Public Toilet;Öffentliche Toilette;Toilettes publiques;Servizi igienici pubblici
RecyclingPoint;CivicStructure;Recycling Point;Recyclingstelle;Point de recyclage;Punto di riciclaggio
RVPark;CivicStructure;Caravan Park;Wohnmobilstellplatz;Aire pour caravanes;Area camper
SaltCave;CivicStructure;Salt Cave;Salzhöhle;Grotte de sel;Grotta di sale
Sbahn;CivicStructure;S-Bahn;S Bahn;S-Bahn;S-Bahn
Shelter;CivicStructure;Shelter;Schutz;Abri;Riparo
Sluice;CivicStructure;Lock;Schleuse;Écluse;Chiusa
Street;CivicStructure;Street;Strasse;Rue;Via
TaxiStand;CivicStructure;Taxi Stand;Taxistand;Station de taxi;Posteggio dei taxi
Theatre;CivicStructure;Theatre;Theater;Théâtre;Teatro
TouristAttraction;CivicStructure;Tourist Attraction;Touristenattraktion;Attraction touristique;Attrazione turistica
Bisse;CivicStructure;Bisse;Bisse;Bisse;Bisse
Bridge;CivicStructure;Bridge;Brücke;Pont;Ponte
Castle;CivicStructure;Castle;Schloss;Château;Castello
Fortress;CivicStructure;Fortress;Festung;Forteresse;Fortezza
Fountain;CivicStructure;Fountain;Brunnen;Fontaine;Fontana
IndustrialMonument;CivicStructure;Industrial Monument;Industriedenkmal;Monument industriel;Monumento industriale
Monument;CivicStructure;Monument;Denkmal;Monument;Monumento
NaturalMonument;CivicStructure;Natural Monument;Naturdenkmal;Monument naturel;Monumento naturale
ObservationTower;CivicStructure;Observation Tower;Aussichtsturm;Tour d'observation;Torre di osservazione
Park;CivicStructure;Park;Park;Parc;Parco
Ruin;CivicStructure;Ruin;Ruine;Ruine;Rovina
Square;CivicStructure;Town Square;Dorfplatz;Place de village;Piazza
StalactiteCave;CivicStructure;Stalactite Cave;Tropfsteinhöhle;Grotte de stalactites et stalagmites;Grotta con stalattiti e stalagmiti
Viewpoint;CivicStructure;Viewpoint;Aussichtspunkt;Point de vue;Belvedere
WaysideShrine;CivicStructure;Wayside Shrine;Bildstock;Calvaire;Edicola
TransportationSystemStation;CivicStructure;Transportsystem station;Transportsystemstation;Station du système de transport;Stazione del sistema di trasporto
BusStation;CivicStructure;Bus Station;Busbahnhof;Gare routière;Stazione degli autobus
CableCarStation;CivicStructure;Cable Car Station;Seilbahnstation;Station de téléphérique;Stazione della funivia
CogwheelTrainStation;CivicStructure;Rack Railway Station;Zahnradbahnstation;Gare de train à crémaillère;Stazione dei treni a cremagliera
FunicularStation;CivicStructure;Funicular station;Standseilbahnstation;Station du funiculaire;Stazione della funicolare
SubwayStation;CivicStructure;Subway Station;U-Bahnstation;Station de métro;Stazione della metropolitana
TrainStation;CivicStructure;Train Station;Bahnhof;Gare;Stazione ferroviaria
TramStation;CivicStructure;Tram Stop;Tramhaltestelle;Arrêt de tramway;Fermata del tram
Vineyard;CivicStructure;Vineyard;Weinberg;Vignoble;Vigneto
VisitorCenter;CivicStructure;Visitor Centre;Besucherzentrum;Centre de visiteurs;Centro visitatori
WaysideCross;CivicStructure;Wayside Cross;Wegkreuz;Croix de chemin;Croce stradale
Zoo;CivicStructure;Zoo;Zoo;Zoo;Zoo
TransportationSystem;CivicStructure;Transportation system;Transportsystem;Système de transport;Sistema di trasporto
SkiLift;TransportationSystem;Ski Lift;Skilift;Téléski;Impianto di risalita
ButtonLift;TransportationSystem;Button lift;Button Lift;Button lift;Button lift
CableCar;TransportationSystem;Cable car;Seilbahn;Téléphérique;Funivia
ChairLift;TransportationSystem;Chair lift;Sessellift;Télésiège;Seggiovia
Funicular;TransportationSystem;Funicular;Standseilbahn;Funiculaire;Funicolare
MagicCarpet;TransportationSystem;Magic carpet;Förderband;Tapis roulant;Nastro trasportatore
PracticeLift;TransportationSystem;Practice lift;Übungslift;Practice lift;Practice lift
RackRailway;TransportationSystem;Rack Railway;Zahnradbahn;Chemin de fer à crémaillère;Ferrovia a cremagliera
RopeTow;TransportationSystem;Rope tow;Schleppseil;Corde de remorquage;Fune da traino
TBarLift;TransportationSystem;Drag Lift;Schlepplift;Remonte-pente;Sollevatore con barra a T
Condition;Place;Condition;Bedingung;Condition;Condizione
Closure;Condition;Closure;Schliessung;Fermeture;Chiusura
CurrentCondition;Condition;Current Condition;Derzeitige Zustand;État actuel;Condizioni attuali
Detour;Condition;Detour;Umleitung;Détour;Deviazione
Notice;Condition;Notice;Notiz;Remarquer;Avviso
LocalBusiness;Place;Leisure/Service;Freizeit/Dienstleistung;Loisirs/services;Tempo libero/servizio
FoodEstablishment;LocalBusiness;Gastronomy;Gastronomie;Gastronomie;Gastronomia
Bakery;FoodEstablishment;Bakery;Bäckerei;Boulangerie;Panetteria
BarOrPub;FoodEstablishment;Bar;Bar;Bar;Bar
BeerGarden;FoodEstablishment;Beer Garden;Biergarten;Brasserie en plein air;Birreria all'aperto
Bistro;FoodEstablishment;Bistro;Bistro;Bistro;Bistro
Brewery;FoodEstablishment;Brewery;Brauerei;Brasserie;Birrificio
CafeOrCoffeeShop;FoodEstablishment;Coffee Shop;Café;Café;Caffetteria
Confectionery;FoodEstablishment;Patisserie;Konditorei;Pâtisserie;Confetteria
Dairy;FoodEstablishment;Dairy;Molkerei;Laiterie;Caseificio
Distillery;FoodEstablishment;Distillery;Brennerei;Distillerie;Distilleria
FastFoodRestaurant;FoodEstablishment;Fast Food Restaurant;Fast-Food-Restaurant;Fast food;Ristorante fast food
Grotto;FoodEstablishment;Grotto;Grotto;Grotte;Grotta
IceCreamShop;FoodEstablishment;Ice Cream Shop;Eisdiele;Magasin de crème glacée;Gelateria
Imbiss;FoodEstablishment;Snack Stand;Imbissstand;Stand de restauration rapide;Chiosco di street food
MountainRestaurant;FoodEstablishment;Mountain Restaurant;Bergrestaurant;Restaurant de montagne;Ristorante di montagna
Pizzeria;FoodEstablishment;Pizzeria;Pizzeria;Pizzeria;Pizzeria
Restaurant;FoodEstablishment;Restaurant;Restaurant;Restaurant;Ristorante
TakeAway;FoodEstablishment;Takeaway;Take-away;À emporter;Takeaway
Vinotheque;FoodEstablishment;Wine Store;Vinothek;Vinothèque;Enoteca
Winery;FoodEstablishment;Winery;Weingut;Établissement vinicole;Cantina
AnimalShelter;LocalBusiness;Animal Shelter;Tierheim;Refuge pour animaux;Rifugio per animali
AutomotiveBusiness;LocalBusiness;Automotive business;Automobilgeschäft;Entreprise automobile;Affari automobilistici
AutoDealer;LocalBusiness;Auto Dealer;Autohändler;Concessionnaire automobile;Concessionario auto
AutoRental;LocalBusiness;Car Rental;Autovermietung;Location de voitures;Noleggio auto
AutoRepair;LocalBusiness;Auto Repair;Autoreparatur;Réparation automobile;Riparazione auto
GasStation;LocalBusiness;Fuel Station;Tankstelle;Station-service;Benzinaio
MotorcycleDealer;LocalBusiness;Motorcycle Dealer;Motorradhändler;Concessionnaire de motos;Concessionario moto
MotorcycleRepair;LocalBusiness;Motorcycle Repair;Motorrad Reparatur;Réparation de moto;Riparazione Moto
BikeSchool;LocalBusiness;Bike School;Bikeschule;École de vélo;Scuola di bici
ChildCare;LocalBusiness;Childcare;Kinderbetreuung;Garde d'enfants;Servizio per l'infanzia
Circus;LocalBusiness;Circus;Zirkus;Cirque;Circo
Corporation;LocalBusiness;Corporation;Unternehmen;Société;Società
HotelGroup;LocalBusiness;Hotel group;Hotelkette;Groupe hôtelier;Gruppo alberghiero
CourseOrganizer;LocalBusiness;Course Organiser;Kursveranstalter;Organisateur de cours;Organizzatore del corso
CoworkingSpace;LocalBusiness;CoworkingSpace;CoworkingSpace;CoworkingSpace;CoworkingSpace
DryCleaningOrLaundry;LocalBusiness;Dry Cleaning;Chemische Reinigung;Nettoyage à sec;Lavaggio a secco
EChargingStation;LocalBusiness;E-charging station;E-Ladestation;Station de recharge électrique;Stazione di ricarica elettrica
EBikeChargingStation;LocalBusiness;E-bike charging station;E-bike Ladestation;Station de recharge pour vélos électriques;Stazione di ricarica per biciclette elettriche
ECarChargingStation;LocalBusiness;E-car charging station;E-auto Ladestation;Station de recharge pour voitures électriques;Stazione di ricarica per auto elettriche
EmergencyService;LocalBusiness;Emergency Service;Notdienst;Service d’urgence;Servizio di emergenza
EmploymentAgency;LocalBusiness;Employment Agency;Arbeitsvermittlung;Agence de placement;Servizio di collocamento
EntertainmentBusiness;LocalBusiness;Various Providers;Diverse Anbieter;Prestataire divers;Diversi fornitori
AdultEntertainment;LocalBusiness;Adult Entertainment;Unterhaltung für Erwachsene;Divertissement pour adultes;Intrattenimento per adulti
AmusementPark;LocalBusiness;Amusement Park;Freizeitpark;Parc d'attraction;Parco divertimenti
ArtGallery;LocalBusiness;Art Gallery;Kunstgalerie;Galerie d'art;Galleria d'arte
Casino;LocalBusiness;Casino;Casino;Casino;Casinò
Cinema;LocalBusiness;Cinema;Kino;Cinéma;Cinema
ComedyClub;LocalBusiness;Comedy Club;Comedy-Club;Club de comédie;Comedy club
DancePlace;LocalBusiness;Dance Place;Tanzplatz;Lieu de danse;Luogo di danza
EscapeRoom;LocalBusiness;Escape Room;Escape Room;Escape Room;Escape Room
NightClub;LocalBusiness;Night Club;Nachtclub;Boîte de nuit;Discoteca
FinancialService;LocalBusiness;Financial Service;Finanzdienstleistung;Services financiers;Servizi finanziari
BankOrCreditUnion;LocalBusiness;Bank/CreditUnion;Bank/Kreditinstitut;Banque/établissement de crédit;Banca/istituto di credito
GovernmentOffice;LocalBusiness;Local Authority;Gemeindeverwaltung;Bureau du gouvernement;Ufficio governativo
PostOffice;LocalBusiness;Post Office;Postfiliale;Bureau de poste;Ufficio postale
HealthAndBeautyBusiness;LocalBusiness;Wellness and Beauty Salon;Wellness- und Kosmetiksalon;Salon de bien-être et de beauté;Salone di bellezza e benessere
DaySpa;LocalBusiness;Day Spa;Spa;Spa;Spa
HairSalon;LocalBusiness;Hair Salon;Coiffeur;Coiffeur;Parrucchiere
HealthClub;LocalBusiness;Health Club;Gesundheitsclub;Club de santé;Centro benessere
MassageStudio;LocalBusiness;Massage studio;Massage Studio;Studio de massage;Studio di massaggi
NailSalon;LocalBusiness;NailSalon;Nagelstudio;NailSalon;NailSalon
Solarium;LocalBusiness;Solarium;Solarium;Solarium;Solarium
HomeAndConstructionBusiness;LocalBusiness;Craft business;Handwerksbetrieb;Entreprise artisanale;Impresa artigianale
LegalService;LocalBusiness;Legal Service;Juristische Dienstleistung;Service juridique;Servizio giuridico
Library;LocalBusiness;Library;Bibliothek;Bibliothèque;Biblioteca
MedicalBusiness;LocalBusiness;Medical Facility;Medizinische Einrichtung;Institution médicale;Struttura medica
Dentist;LocalBusiness;Dentist;Zahnarzt;Dentiste;Dentista
Doctor;LocalBusiness;Doctor;Arzt;Médecin;Dottore
MedicalClinic;LocalBusiness;Hospital;Krankenhaus;Hôpital;Clinica medica
Pharmacy;LocalBusiness;Pharmacy;Apotheke;Pharmacie;Farmacia
MountainSchool;LocalBusiness;Mountain School;Bergschule;École de montagne;Scuola di montagna
ProfessionalService;LocalBusiness;Professional Service;Professioneller Service;Service professionnel;Servizio professionale
Railway;LocalBusiness;Railway;Eisenbahn;Chemin de fer;Ferrovia
RetirementAndNursingHome;LocalBusiness;Retirement and Nursing Home;Alters- und Pflegeheim;Maison de retraite et de soins infirmiers;Casa di riposo e di cura
Sauna;LocalBusiness;Sauna;Sauna;Sauna;Sauna
ShoppingCenter;LocalBusiness;Shopping Center;Einkaufszentrum;Centre commercial;Centro commerciale
SkiSchool;LocalBusiness;Ski School;Skischule;École de ski;Scuola sci
SportsActivityLocation;LocalBusiness;Sports Facility;Sportanlage;Installation sportive;Impianto sportivo
AdventurePoolOrAquaPark;LocalBusiness;Aqua Park;Wasserpark;Parc aquatique;Parco acquatico
BikePark;LocalBusiness;Bike Park;Bikepark;Parc à vélos;Parco biciclette
Billard;LocalBusiness;Billards;Billard;Billard;Billardo
BMXFacility;LocalBusiness;BMX-Facility;BMX-Anlage;Installation de BMX;Struttura per BMX
BocciaField;LocalBusiness;Boccia Court;Boccia-Feld;Terrain de boccia;Campo di bocce
BowlingAlley;LocalBusiness;Bowling Alley;Bowling;Bowling;Bowling
BungeejumpingPlace;LocalBusiness;Bungee-jumping Place;Bungee-Jumping-Platz;Lieu de saut à l`élastique;Luogo di bungee jumping
ClimbingGarden;LocalBusiness;Climbing Garden;Klettergarten;Jardin d'escalade;Giardino di arrampicata
ClimbingHall;LocalBusiness;Climbing Hall;Kletterhalle;Salle d'escalade;Sala arrampicata
CrosscountryCenter;LocalBusiness;Cross-country Ski Centre;Langlaufzentrum;Centre de ski de fond;Centro sci di fondo
ExerciseGym;LocalBusiness;Gym;Fitnessstudio;Salle de fitness;Palestra
FitnessParkour;LocalBusiness;Fitness Parkour;Fitness-Parkour;Parcours de fitness;Percorso fitness
FlightSchool;LocalBusiness;Flight School;Flugschule;École d'aviation;Scuola di volo
GoKartTrack;LocalBusiness;Kart Track;Kartbahn;Piste de karting;Pista di kart
GolfCourse;LocalBusiness;Golf Course;Golfplatz;Terrain de golf;Campo da golf
HighRopesCourse;LocalBusiness;Highropes Course;Hochseilgarten;Parcours d'accrobranche;percorso ad alta fune
IceField;LocalBusiness;Ice Rink;Eisfeld;Patinoire;Pista di pattinaggio sul ghiaccio
MinigolfCourse;LocalBusiness;Miniature Golf Course;Minigolfanlage;Parcours de minigolf;Campo da minigolf
ParaglidingSite;LocalBusiness;Paragliding Site;Gleitschirmflugplatz;Terrain de parapente;Campo di parapendio
PublicSwimmingPool;LocalBusiness;Outdoor Pool;Freibad;Piscine publique;Piscina pubblica
IndoorPool;LocalBusiness;Indoor Swimming Pool;Hallenbad;Piscine couverte;Piscina coperta
OutdoorPool;LocalBusiness;Outdoor Pool;Aussenpool;Piscine extérieure;Piscina all'aperto
PumpTrack;LocalBusiness;Pump Track;Pumptrack;Pumptrack;Pumptrack
Ropepark;LocalBusiness;Rope park;Seilpark;Parc accrobranche;Parco avventura
SkatingRink;LocalBusiness;Skating Rink;Eisbahn;Patinoire;Pista di pattinaggio
SkiJumpPlace;LocalBusiness;Ski Jump Place;Skischanzenplatz;Place de saut à ski;Posto per il salto con gli sci
SnowPark;LocalBusiness;Snow Park;Schneepark;Parc à neige;Parco neve
SportHall;LocalBusiness;Sport Hall;Sporthalle;Salle de sport;Palazzetto dello sport
SportsClub;LocalBusiness;Sports Club;Sportclub;Club sportif;Club sportivo
StadiumOrArena;LocalBusiness;Stadium/Arena;Stadion/Arena;Stade/arène;Stadio/arena
SummerTobogganTrack;LocalBusiness;Summer Toboggan Track;Sommerrodelbahn;Piste de luge d'été;Pista estiva per slittini
TennisComplex;LocalBusiness;Tennis Facility;Tennisanlage;Centre de tennis;Impianto di tennis
VolleyballPlace;LocalBusiness;Volleyball Field;Volleyballfeld;Terrain de volley-ball;Campo da pallavolo
WinterTobogganTrack;LocalBusiness;Winter Toboggan Track;Winterrodelbahn;Piste de luge d'hiver;Pista invernale per slittini
YachtClub;LocalBusiness;Yacht Club;Jachtclub;Club nautique;Yatch club
Store;LocalBusiness;Store;Geschäft;Boutique;Negozio
AutoPartsStore;LocalBusiness;Auto Parts Store;Autoteile-Shop;Magasin de pièces automobiles;Negozio ricambi auto
BeautySalon;LocalBusiness;Beauty Salon;Schönheitssalon;Salon de beauté;Salone di bellezza
BikeRental;LocalBusiness;Bike Rental;Fahrradverleih;Location de vélos;Noleggio biciclette
BikeService;LocalBusiness;Bike Service;Fahrradservice;Service de vélos;Servizio di assistenza per biciclette
BikeStore;LocalBusiness;Bike Store;Bike-Shop;Magasin de vélos;Negozio di biciclette
BookStore;LocalBusiness;Book Store;Buchhandlung;Librairie;Negozio di libri
ButcherShop;LocalBusiness;Butcher Shop;Metzgerei;Boucherie;Macelleria
ClothingStore;LocalBusiness;Clothing Store;Bekleidungsgeschäft;Magasin de vêtements;Negozio di abbigliamento
ComputerStore;LocalBusiness;Computer Store;Computergeschäft;Magasin d'informatique;Negozio di computer
ConvenienceStore;LocalBusiness;Convenience Store;Gemischtwarenladen;Épicerie;Minimarket
DepartmentStore;LocalBusiness;Department Store;Warenhaus;Grand magasin;Grande magazzino
EBikeService;LocalBusiness;E-Bike Service;E-Bike-Service;Service pour vélos électriques;Servizio e-bike
ElectronicsStore;LocalBusiness;Electronics Store;Elektrofachgeschäft;Magasin d'électronique;Negozio di elettronica
FarmShop;LocalBusiness;Farm Shop;Hofladen;Boutique à la ferme;Spaccio aziendale
Florist;LocalBusiness;Florist;Florist;Fleuriste;Fiorista
FurnitureStore;LocalBusiness;Furniture Store;Möbelgeschäft;Magasin de meubles;Negozio di mobili
GardenStore;LocalBusiness;Garden Store;Gartengeschäft;Magasin de jardinage;Negozio di giardinaggio
GroceryStore;LocalBusiness;Grocery Store;Supermarkt;Supermarché;Supermercato
HardwareStore;LocalBusiness;Hardware Store;Baumarkt;Magasin de bricolage;Negozio di bricolage
HobbyShop;LocalBusiness;Hobby Shop;Hobbyladen;Boutique de loisirs;Negozio di hobby
HomeGoodsStore;LocalBusiness;Home Goods Store;Haushaltswarenladen;Magasin d'articles ménagers;Negozio di casalinghi
ITFirm;LocalBusiness;IT Firm;IT-Firma;Entreprise informatique;Azienda IT
JewelryStore;LocalBusiness;Jeweller;Juwelier;Bijouterie;Gioielleria
Kiosk;LocalBusiness;Kiosk;Kiosk;Kiosque;Chiosco
LiquorStore;LocalBusiness;Liquor Store;Spirituosengeschäft;Magasin d’alcool;Negozio di liquori
MensClothingStore;LocalBusiness;Men's Clothing Store;Bekleidungsgeschäft für Herren;Magasin de vêtements pour hommes;Negozio di abbigliamento maschile
MobilePhoneStore;LocalBusiness;Mobile Phone Store;Mobiltelefongeschäft;Magasin de téléphonie mobile;Negozio di telefoni cellulari
MovieRentalStore;LocalBusiness;Movie Rental Store;Filmverleih;Magasin de location de films;Negozio di noleggio film
MusicStore;LocalBusiness;Music Store;Musikgeschäft;Magasin de musique;Negozio di musica
OfficeEquipmentStore;LocalBusiness;Stationery Store;Papeterie;Papeterie;Cartoleria
Opticians;LocalBusiness;Opticians;Optiker;Opticien;Ottico
OutletStore;LocalBusiness;Outlet Store;Outlet;Magasin d'usine;Negozio outlet
PastryShop;LocalBusiness;Pastry Shop;Konditorei;Pâtisserie;Pasticceria
PawnShop;LocalBusiness;Pawn Shop;Pfandhaus;Prêteur sur gage;Banco dei pegni
Perfumery;LocalBusiness;Perfumery;Parfümerie;Parfumerie;Profumeria
PetStore;LocalBusiness;Pet Store;Zoohandlung;Animalerie;Negozio di animali
ShoeStore;LocalBusiness;Shoe Store;Schuhgeschäft;Magasin de chaussures;Negozio di scarpe
Smith;LocalBusiness;Smith;Schmied;Forgeronne;Fabbro
SnowsportRental;LocalBusiness;Snowsport Rental;Schneesportverleih;Location de sports de neige;Noleggio sport sulla neve
SportingGoodsStore;LocalBusiness;Sports Shop;Sportgeschäft;Magasin de sport;Negozio di sport
Stationery;LocalBusiness;Stationery;Papeterie;Papeterie;Cartoleria
TobaccoShop;LocalBusiness;Tobacco Shop;Tabak Laden;Boutique de tabac;Tabaccheria
ToyStore;LocalBusiness;Toy Store;Spielwarenladen;Magasin de jouets;Negozio di giocattoli
WatersportRental;LocalBusiness;Watersport Rental;Wassersportverleih;Location de sports nautiques;Noleggio di sport acquatici
WholesaleStore;LocalBusiness;Wholesale Store;Grosshandelsgeschäft;Magasin de gros;Negozio all'ingrosso
ThermalSpa;LocalBusiness;Thermal Spa;Therme;Thermes;Terme
TouristInformationCenter;LocalBusiness;Tourist Information Center;Gäste-Informationsstelle;Centre d'informations touristiques;Centro informazioni turistiche
TravelAgency;LocalBusiness;Travel Agency;Reisebüro;Agence de voyages;Ufficio viaggi
YouthClub;LocalBusiness;Youth Club;Jugendtreff;Club de jeunesse;Circolo giovanile
LodgingBusiness;LocalBusiness;Accommodation Establishment;Beherbergungsbetrieb;Service d'hébergement;Attività ricettiva
Agrotourism;LodgingBusiness;Agrotourism;Agrotourismus;Agrotourisme;Agriturismo
BedAndBreakfast;LodgingBusiness;Bed and Breakfast;Bed and Breakfast;Chambre d'hôtes;Bed and breakfast
Campground;LodgingBusiness;Camping Ground;Campingplatz;Camping;Campeggio
FarmLodging;LodgingBusiness;Farm Accommodation;Unterkunft auf dem Bauernhof;Hébergement à la ferme;Alloggio in fattoria
GroupAccommodation;LodgingBusiness;Group Accommodation;Gruppenunterkunft;Hébergement de groupe;Alloggio per gruppi
GuestHouse;LodgingBusiness;Guest House;Gasthaus;Maison d'hôtes;Affittacamere
HolidayApartment;LodgingBusiness;Holiday Apartment;Ferienwohnung;Appartement de vacances;Appartamento vacanze
HolidayHouse;LodgingBusiness;Holiday House;Ferienhaus;Maison de vacances;Casa vacanze
Hostel;LodgingBusiness;Hostel;Herberge;Auberge;Ostello
Hotel;LodgingBusiness;Hotel;Hotel;Hôtel;Albergo
IglooVillage;LodgingBusiness;Igloo Village;Iglu-Dorf;Village d'igloos;Villaggio di igloo
Motel;LodgingBusiness;Motel;Motel;Motel;Motel
Mountainhut;LodgingBusiness;Mountain Hut;Berghütte;Refuge de montagne;Rifugio di montagna
ManagedHut;LodgingBusiness;Catered Hut;Bewirtschaftete Hütte;Auberge de montagne;Rifugio gestito
RescueHut;LodgingBusiness;Rescue Hut;Rettungshütte;Cabane de sauvetage;Capanna di salvataggio
SelfCateredHut;LodgingBusiness;Self-catering Hut;Selbstversorgerhütte;Cabane en autonomie;Rifugio con uso cucina
Pension;LodgingBusiness;Guesthouse;Pension;Pension;Pensione
Pitch;LodgingBusiness;Pitch;Stellplatz;Place de parking;Parcheggio
PrivateRoom;LodgingBusiness;Guest Room;Gästezimmer;Chambre;Camera per gli ospiti
Resort;LodgingBusiness;Resort;Resort;Complexe touristique;Resort
SkiResort;LocalBusiness;Ski Resort;Skigebiet;Station de ski;Area sciistica
ArchaeologicalSite;Place;Archaeological Site;Archäologische Fundstätte;Site archéologique;Sito archeologico
Fauna;Place;Fauna;Fauna;Faune;Fauna
Flora;Place;Flora;Flora;Flore;Flora
HistoricSite;Place;Historical Site;Historische Stätte;Site historique;Sito storico
Landform;Place;Landscape;Landschaft;Paysage;Paesaggio
AlpsPass;Place;Alpine Pass;Alpenpass;Col des alpes;Passo alpino
BodyOfWater;Place;Body of water;Gewässer;Plan d’eau;Specchio d'acqua
Canal;Place;Canal;Kanal;Canal;Canale
LakeBodyOfWater;Place;Lake;See;Lac;Lago
Moor;Place;Moor;Moor;Marais;Torbiera
OceanBodyOfWater;Place;Ocean;Ozean;Océan;Oceano
Pond;Place;Pond;Teich;Étang;Stagno
Reservoir;Place;Reservoir;Reservoir;Réservoir;Serbatoio
RiverBodyOfWater;Place;River;Fluss;Cours d'eau;Fiume
SeaBodyOfWater;Place;Sea;Meer;Mer;Mare
Spring;Place;Spring;Frühling;Source;Primavera
Waterfall;Place;Waterfall;Wasserfall;Cascade;Cascata
Canyon;Place;Canyon;Schlucht;Gorge;Gola
Continent;Place;Continent;Kontinent;Continent;Continente
Glacier;Place;Glacier;Gletscher;Glacier;Ghiacciaio
Island;Place;Island;Insel;Île;Isola
Mountain;Place;Mountain;Berg;Montagne;Montagna
MountainPeak;Place;Mountain Summit;Berggipfel;Sommet de montagne;Cima di montagna
Volcano;Place;Volcano;Vulkan;Volcan;Vulcano
LandmarkOrHistoricalBuilding;Place;Attraction;Sehenswürdigkeit;Site touristique;Luogo di interesse
TownScape;Place;town scape;OrtsBild;paysage urbain;paesaggio urbano
Tour;Place;Tour;Tour;Tour;Tour
Longdistance;Tour;Long-distance Tour;Langstreckentour;Tour longue distance;Tour a lunga distanza
Route;Tour;Route;Route;Route;Percorso
GlacierTour;Tour;Glacier Tour;Gletschertour;Excursion sur glacier;Escursione sul ghiacciaio
HighTour;Tour;Alpine Tour;Hochtour;Tour en haute montagne;Tour alpino
MotorisedTours;Tour;Motorised Tour;Motorisierte Tour;Circuit motorisés;Tour motorizzato
BusTour;Tour;Bus Tour;Bus-Tour;Tour en bus;Tour in autobus
CarTour;Tour;Car Tour;Autotour;Tour en voiture;Tour in auto
MotorTour;Tour;E-Mountain Bike Tour;E-Mountainbike-Tour;Tour en VTT électrique;Tour in e-mountain bike
QuadTour;Tour;Quad Tour;Quad-Tour;Tour en quad;Tour in quad
SegwayTour;Tour;Segway Tour;Segway-Tour;Tour en segway;Tour in segway
ShipTour;Tour;Boat Trip;Schiffstour;Tour en bateau;Tour in barca
TrainTour;Tour;Train Tour;Zugtour;Tour en train;Tour in treno
ThemeTrail;Tour;Theme Trail;Themenweg;Sentier thématique;Percorso tematico
ViaFerrata;Tour;Via Ferrata;Klettersteig;Via ferrata;Via ferrata
Way;Tour;Way;Weg;Route;Tour
AlpineHikingtrail;Tour;Alpine hiking trail;Alpinwanderweg;Sentier de randonnée alpin;Sentiero escursionistico alpino
BikeTrail;Tour;Bike trail;Bike Trail;Bike trail;Bike trail
CrossCountry;Tour;Crosscountry slope;Langlaufloipe;Piste de ski de fond;Pista da fondo
HikingTrail;Tour;Hiking trail;Wanderweg;Sentier de randonnée;Sentiero
MountainHikingtrail;Tour;Mountain hiking trail;Bergwanderweg;Sentier de randonnée en montagne;Sentiero escursionistico di montagna
NatureTrail;Tour;Nature Trail;Naturlehrpfad;Sentier nature;Sentiero natura
SkiRoute;Tour;Ski routes;Tourenski Route;Ski routes;Ski routes
SkiSlope;Tour;Ski slope;Skipiste;Piste de ski;Pista da sci
SnowshoeTrail;Tour;Snowshoe trail;Schneeschuhwanderweg;Sentier de randonnée en raquettes;Sentiero per ciaspolate
TobogganRun;Tour;Toboggan run;Schlittelpiste;Piste de luge;Pista per slittini
WinterHiking;Tour;Winterhiking trail;Winterwanderweg;Sentier de randonnée hivernale;Sentiero escursionistico invernale
Webcam;Place;Webcam;Webcam;Webcam;Webcam
LiveVideo;Webcam;Live Video;Live-Video;Vidéo en direct;Video in diretta
StaticWebcam;Webcam;Static Webcam;Statische Webcam;Webcam statique;Webcam statica
WebLink;Webcam;WebLink;WebLink;WebLink;WebLink
Product;;Product;Produkt;Produit;Prodotto
Adventure;Product;Adventure;Abenteuer;Aventure;Avventura
ApartmentOffer;Product;Apartment offer;Wohnung Angebot;Appartement offre;Offerta Appartamento
Beverage;Product;Beverage;Getränk;Boisson;Bevanda
CampingPitchOffer;Product;CampingPitch offer;CampingStellplatz Angebot;Offre Emplacement Camping;Offerta Piazzola Campeggio
CityTour;Product;City Tour;Stadtrundfahrt;Visite de la ville;Tour della città
Course;Product;Course;Kurs;Cours;Corso
CrossCountryTicket;Product;Cross-country ski pass;Langlaufpass;Forfait de ski de fond;Skipass per lo sci di fondo
Donation;Product;Donation;Spende;Don;Donazione
EventTicket;Product;Event Ticket;Veranstaltungs-Ticket;Billet d'événement;Biglietto evento
Experience;Product;Experience;Erlebnis;Expérience;Esperienza
Fashion;Product;Fashion;Mode;Mode;Moda
Accessoires;Product;Accessories;Accessoires;Accessoires;Accessoristica
Clothing;Product;Clothing;Kleidung;Vêtement;Abbigliamento
Food;Product;Food;Nahrungsmittel;Aliment;Cibo
GuestCard;Product;Guest Card;Gästekarte;Carte d'hôte;Carta ospiti
IndividualProduct;Product;Individual Product;Individuelles Produkt;Produit individuel;Prodotto individuale
Membership;Product;Membership;Mitgliedschaft;Affiliation;Affiliazione
Merchandise;Product;Merchandise;Merchandiseartikel;Article de marchandise;Articolo di merce
NonFood;Product;Non-Food;Nicht-Lebensmittel;Non alimentaire;Non alimentare
Offer;Product;Offer;Angebot;Offre;Offerta
Package;Product;Package;Package;Package;Package
ProductCollection;Product;Product Collection;Produkt-Kollektion;Collection de produits;Collezione di prodotti
ProductGroup;Product;Product Group;Produktgruppe;Groupe de produits;Gruppo di prodotti
Rental;Product;Rental;Verleih;Location;Noleggio
RoomOffer;Product;Room offer;Zimmer Angebot;Offre de chambre;Offerta camera
DormitoryOffer;Product;Dormitory offer;Mehrbettzimmer Angebot;Offre dortoir;Offerta dormitorio
HotelRoomOffer;Product;Hotelroom offer;Hotelzimmer Angebot;Offre de chambre d'hôtel;Offerta camera d'albergo
DoubleRoomOffer;Product;Doubleroom offer;Doppelzimmer Angebot;Offre chambre double;Offerta camera doppia
FamilyRoomOffer;Product;Familyroom offer;Familienzimmer Angebot;Offre chambre familiale;Offerta camera famiglia
SingleRoomOffer;Product;Singleroom offer;Einzelzimmer Angebot;Offre chambre simple;Offerta Camera Singola
MeetingRoomOffer;Product;Meetingroom offer;Sitzungszimmer Angebot;Offre Salle de réunion;Offerta Meetingroom
PrivateDormitoryOffer;Product;Private dormitory offer;Privates Mehrbettzimmer Angebot;Offre dortoir privé;Offerta dormitorio privato
StayHelper;Product;Stay;Aufenthalt;Rester;Restare
Services;Product;Services;Dienstleistungen;Services;Servizi
SkiTicket;Product;Ski Ticket;Ski-Ticket;Billet de ski;Skipass
SomeProducts;Product;Some Products;Einige Produkte;Quelques produits;Alcuni prodotti
Sportsgood;Product;Sports Article;Sportartikel;Article de sport;Articolo sportivo
SuiteOffer;Product;Suite offer;Suite Angebot;Suite offre;Suite offerta
TableReservation;Product;Table reservation;Tischreservation;Réservation de table;Prenotazione tavolo
Ticket;Product;Ticket;Fahrkarte;Billet;Biglietto
Transport;Product;Transport;Verkehr;Transport;Trasporto
Vouchers;Product;Vouchers;Gutscheine;Bons;Buoni
Wellness;Product;Wellness;Wellness;Bien-être;Benessere
AmenityFeature;;Amenity feature;Ausstattungsmerkmal;Caractéristique d'agrément;Funzionalità di servizio
LodgingBusinessFeature;AmenityFeature;Lodging business feature;Unterkunftsausstattungsmerkmal;Fonctionnalité d'hébergement;Caratteristica aziendale di alloggio
bed;AmenityFeature;Bedtype;Bettentyp;Type de lit;Tipo di letto
characteristics;AmenityFeature;Characteristics;Charaktereigenschaften;Caractéristiques;Caratteristiche
entertainment;AmenityFeature;Entertainment and lifestyle;Unterhaltung und Lifestyle;Divertissement et style de vie;Intrattenimento e stile di vita
events;AmenityFeature;Conference and events;Konferenzen und Veranstaltungen;Conférence et événements;Convegni ed eventi
food;AmenityFeature;Food;Essen;Nourriture;Cibo
breakfast;AmenityFeature;Breakfast;Frühstück;Petit déjeuner;Colazione
general;Tag;General;Allgemein;Allgemein;Allgemein
building;AmenityFeature;Building;Gebäude;Bâtiment;Edificio
location;AmenityFeature;Location;Standort;Emplacement;Ubicazione
outdoor;AmenityFeature;Outdoor facilities;Aussenanlagen;Aménagements extérieurs;Strutture all'aperto
security;AmenityFeature;Safety and security;Sicherheit und Schutz;Sûreté et sécurité;Sicurezza e protezione
sport;AmenityFeature;Sport and freetime;Sport und Freizeit;Sport et loisirs;Sport e tempo libero
ski;AmenityFeature;Ski;Ski;Ski;Sci
sustainability;AmenityFeature;Sustainability;Nachhaltigkeit;Durabilité;Sostenibilità
wellness;AmenityFeature;Wellness services;Wellness-Dienstleistungen;Services de bien-être;Servizi benessere
AccommodationFeature;AmenityFeature;Accommodation feature;Zimmerausstattungsmerkmal;Caractéristique d'hébergement;Caratteristica dell'alloggio
bathroom;AmenityFeature;Bathroom;Badezimmer;Salle de Bains;Stanza da bagno
furnishing;AmenityFeature;Furnishing;Ausstattung;Meublant;Arredamento
media;AmenityFeature;Media;Medien;Média;Media
view;AmenityFeature;Outdoor and view;Aussenbereich und Aussicht;Extérieur et vue;All'aperto e vista
PlaceFeature;AmenityFeature;Place feature;Platzausstattungsmerkmal;Caractéristique du lieu;Caratteristica del luogo
pool;AmenityFeature;Swimming pool;Schwimmbad;Piscine;Piscina
swimming;AmenityFeature;Swimming;Schwimmen;Natation;Nuoto
transport;Tag;Transport;Verkehr;Verkehr;Verkehr
Tag;;Tag;Tag;Tag;Tag
campaign;Tag;Campaign;Kampagne;Kampagne;Kampagne
content;Tag;Content;Inhalt;Inhalt;Inhalt
accessibility;Tag;Accessibility;Zugang;Zugang;Zugang
accesssitios;Tag;Accessibility information Sitios;Informationen zur Zugänglichkeit Sitios;Informationen zur Zugänglichkeit Sitios;Informationen zur Zugänglichkeit Sitios
accesssitioshs;Tag;Accessibility information Sitios HotellerieSuisse;Informationen zur Zugänglichkeit Sitios HotellerieSuisse;Informationen zur Zugänglichkeit Sitios HotellerieSuisse;Informationen zur Zugänglichkeit Sitios HotellerieSuisse
accomodation;Tag;Accomodation;Übernachten;Übernachten;Übernachten
areascope;Tag;Area scope;Bereichsumfang;Bereichsumfang;Bereichsumfang
atmosphere;Tag;Atmosphere;Stimmung;Stimmung;Stimmung
audienceage;Tag;Audience age;Zielgruppe Altersbeschränkung;Zielgruppe Altersbeschränkung;Zielgruppe Altersbeschränkung
audiencegroup;Tag;Audience group;Zielgruppe Hauptgruppe;Zielgruppe Hauptgruppe;Zielgruppe Hauptgruppe
audienceinfo;Tag;Audience information;Zielgruppe zus. Information;Zielgruppe zus. Information;Zielgruppe zus. Information
audienceinformationplaytime;Tag;Audience information playtime;Spielzeiten;Spielzeiten;Spielzeiten
culinary;Tag;Culinary;Kulinarik;Kulinarik;Kulinarik
dance;Tag;Dance;Tanz;Tanz;Tanz
distance;Tag;Distance;Distanz;Distanz;Distanz
duration;Tag;Duration;Ausflugsdauer;Ausflugsdauer;Ausflugsdauer
genre;Tag;Genre;Sorte;Sorte;Sorte
hiking;Tag;Hiking;Wandern;Wandern;Wandern
incentive;Tag;Incentive;Anreiz;Anreiz;Anreiz
languages;Tag;Languages;Sprachen;Sprachen;Sprachen
life;Tag;Life;Leben;Leben;Leben
literature;Tag;Literature;Literatur;Literatur;Literatur
locatedat;Tag;Located;Gelegen;Gelegen;Gelegen
market;Tag;Market type;Markt-Typ;Markt-Typ;Markt-Typ
music;Tag;Music;Musik;Musik;Musik
parking;Tag;Parking;Parkmöglichkeiten;Parkmöglichkeiten;Parkmöglichkeiten
pricerange;Tag;Price range;Preisspanne;Preisspanne;Preisspanne
pricerangeeventpackage;Tag;Price range Conference and event packages without overnight stay;Preisspanne Konferenz- und Veranstaltungspauschalen ohne Übernachtung;Preisspanne Konferenz- und Veranstaltungspauschalen ohne Übernachtung;Preisspanne Konferenz- und Veranstaltungspauschalen ohne Übernachtung
pricerangeeventpackageovernight;Tag;Price range Conference and event packages including overnight stay;Preisspanne Konferenz- und Veranstaltungspauschalen mit Übernachtung;Preisspanne Konferenz- und Veranstaltungspauschalen mit Übernachtung;Preisspanne Konferenz- und Veranstaltungspauschalen mit Übernachtung
proposed;Tag;Proposed;Empfohlen;Empfohlen;Empfohlen
reduction;Tag;Reduction;Reduktionen-Rabatte;Reduktionen-Rabatte;Reduktionen-Rabatte
region;Tag;Region;Region;Region;Region
regionalcustoms;Tag;Regional customs;Brauchtum;Brauchtum;Brauchtum
reservation;Tag;Reservation;Reservation;Reservation;Reservation
schooldifficultylevel;Tag;School difficulty level;Schwierigkeitsgrad für Schüler;Schwierigkeitsgrad für Schüler;Schwierigkeitsgrad für Schüler
schoollevel;Tag;School level;Schulniveau;Schulniveau;Schulniveau
schooltripcategory;Tag;School trip category;Kategorie für Schulreisen;Kategorie für Schulreisen;Kategorie für Schulreisen
seasonality;Tag;Seasonality;Saisonalität;Saisonalität;Saisonalität
swissness;Tag;Swissness;Swissness;Swissness;Swissness
tourismregion;Tag;Tourism region;Tourismusregion;Tourismusregion;Tourismusregion
tourismzone;Tag;Tourism zone;Tourismuszone;Tourismuszone;Tourismuszone
trail;Tag;Trail;Wanderrouten Eigenschaften;Wanderrouten Eigenschaften;Wanderrouten Eigenschaften
weatherconditions;Tag;Weather conditions;Wetterverhältnisse;Wetterverhältnisse;Wetterverhältnisse
weekdays;Tag;Weekdays;Wochentage;Wochentage;Wochentage
image;Tag;Image;Image;Image;Image
imageamenity;Tag;Image Amenity;Bild Zimmerausstattung;Bild Zimmerausstattung;Bild Zimmerausstattung
imageentertainment;Tag;Image Entertainment;Bild Unterhaltung;Bild Unterhaltung;Bild Unterhaltung
imageevent;Tag;Image Event;Bild Veranstaltungen;Bild Veranstaltungen;Bild Veranstaltungen
imagefood;Tag;Image Food;Bild Verpflegung;Bild Verpflegung;Bild Verpflegung
imageindoor;Tag;Image Indoor;Bild Innenbereich;Bild Innenbereich;Bild Innenbereich
imageoutdoor;Tag;Image Outdoor;Bild Aussenbereich;Bild Aussenbereich;Bild Aussenbereich
imagesaisonality;Tag;Image Saisonality;Bild Saisonalität;Bild Saisonalität;Bild Saisonalität
imagesport;Tag;Image Sport;Bild Sportaktivitäten;Bild Sportaktivitäten;Bild Sportaktivitäten
imagewellness;Tag;Image wellness area;Bild Wellness Bereich;Bild Wellness Bereich;Bild Wellness Bereich
profile;Tag;Profile;Profil;Profil;Profil
profileculture;Tag;Profile Culture;Profil Kultur;Profil Kultur;Profil Kultur
profileenjoyment;Tag;Profile Enjoyment;Profil Genuss;Profil Genuss;Profil Genuss
profilefun;Tag;Profile Fun;Profil Spass;Profil Spass;Profil Spass
profilerelaxation;Tag;Profile Relaxation;Profil Entspannung;Profil Entspannung;Profil Entspannung
profilesport;Tag;Profile Sport;Profil Sport;Profil Sport;Profil Sport
